D1S1656	57	134	"G,A,C,C,C,G,G,A,C,C,T,T,T,G,G,G,T,G,C,C,C,G,C,G,C,G,T,C,C,C,C,T,T,T,T,A,T,C,C,A,T,T,G,A,T,A,C,A,G,T,C,A,T,C,A,G,C,G,A,G,T;G,T;CCTATCTATCTATCTATCTATCTATCTATCTATCTATCTATCTATCTATCTATCATCTATCTATCTATCTA"
D1S1656	45	126	"G,A,C,C,C,G,G,A,C,C,T,T,T,G,G,G,T,G,C,C,C,G,C,G,C,G,T,C,C,C,C,T,T,T,T,A,T,C,C,A,T,T,G,A,T,A,C,A,G,T,C,A,T,C,A,G,C,G,A,G,T;G,T;CCTATCTATCTATCTATCTATCTATCTATCTATCTATCTATCTATCATCTATCTATCTATCTA"
D2S441	471	131	"G,A,A,A,G,C,T,A,T,T,C,T,A,T,C,G,C,C,T,C,A,G,G,T,G,T,A,G,A,A,C,G,C,G,C,G,G,G,T,C,C,G,C,G,A,A,A,C,C,C,T,G,A,G;TAC,C,C,C,CACATATAT,CATATA;TCTATCTATCTATCTATCTATCTATCTATCTATCTATCTATCTATTTATCTATCTA"
D2S441	247	130	"G,A,A,A,G,C,T,A,T,C,C,T,G,T,T,G,C,C,G,C,A,A,G,T,A,T,A,G,A,A,C,G,T,G,C,G,G,G,T,C,C,G,C,G,G,A,A,C,C,C,T,A,A,G;T,CACATATAT,C,C,CACATATAT,CATATAT;TCTATCTATCTATCTATCTATCTATCTATCTATCTATCTATCTATCTA"
D3S1358	8	105	"G,G,T,T,A,A,T,G,C,G,C,A,A,T,G,T,C,T,T,T,C,A,T,G,A,T,A,A,T,A,G,C,G,A,A,T,C,G;T,C,T;TCTATCTGTCTGTCTATCTATCTATCTATCTATCTATCTATCTATCTATCTATCTATCTATCTA"
D3S1358	6	103	"G,G,T,T,A,A,T,G,C,G,C,A,A,T,G,T,C,T,T,T,C,A,T,G,A,T,A,A,T,A,G,C,G,A,A,T;T,C,T;TCTATCTGTCTGTCTATCTATCTATCTATCTATCTATCTATCTATCTATCTATCTATCTATCTA"
FGA	32	107	"T,C,A,A,C,C,T,T,C,C,T,G,C,C,G,T,C,G,C;null;GGAAGGAAGGAGAAAGAAAGAAAGAAAGAAAGAAAGAAAGAAAGAAAGAAAGAAAGAAAGAAAGAGAAAAAAGAAAGAAAGAAA"
FGA	25	111	"T,C,A,A,C,C,T,T,C,T,T,G,C,C,A,T,C,G,C;null;GGAAGGAAGGAGAAAGAAAGAAAGAAAGAAAGAAAGAAAGAAAGAAAGAAAGAAAGAAAGAAAGAAAGAGAAAAAAGAAAGAAAGAAA"
D5S818	4	70	"T,A,A,G,C,T,A,G,T,C,A,C,G,C,C,C,T,A,T,A,C,G,C,C,C,G,T,T,A;GT,AGT;ATCTATCTATCTATCTATCTATCTATCTATCTATCT"
D5S818	3	67	"A,A,G,C,T,A,G,T,C,A,C,G,C,C,C,T,A,T,A,C,G,C,C,C,G,T,T,A;AGT;ATCTATCTATCTATCTATCTATCTATCTATCTATCT"
CSF1PO	4	96	"G,C,A,A,G,C,A,A,T,C,C,A,C,G,C,A,T,C,C,T,T,C,G,C,T,G,G,G,C,T,G,C,A,G,G,G,G,C,T,C,C,A,A,A,G;T,T,G;ATCTATCTATCTATCTATCTATCTATCTATCTATCTATCTATCTATCT"
CSF1PO	4	96	"G,C,A,A,G,C,A,A,T,C,C,A,C,G,C,A,T,C,C,T,T,C,G,C,T,G,G,G,C,T,G,C,A,G,G,G,G,C,T,C,C,A,A,A,A;T,T,G;ATCTATCTATCTATCTATCTATCTATCTATCTATCTATCTATCTATCT"
D7S820	15	108	"T,C,T,G,G,C,C,G,A,C,A,A,T,T,A,A,A,G,C,T,C,A,C,T,G,G,C,A,A,T,T,C,T,C,A,T,G,G,T,A,G,T;G,GATGTGAACAATTGTGTTCTA;TATCTATCTATCTATCTATCTATCTATCTATCTATCTATCTATC"
D7S820	9	113	"T,C,C,G,G,C,C,G,A,C,A,A,T,G,A,G,A,G,C,A,T,A,C,T,G,G,C,A,A,A,A,C,T,C,A,A,G,G,T,G,G,T;GT,GATGTGAACAATTGTGTTCTA;TATCTATCTATCTATCTATCTATCTATCTATCTATCTATCTATCTATC"
D8S1179	39	103	"A,T,G,C,C,A,T,A,T,G,G,G,T,G,C,G,G,A,G,C,G,A,C,A,T,G,T,C,A,T,C,C,G,T,A,C,G,A,A,A,A,A,C,T,T,A,G,A;G,TA;TCTATCTGTCTATCTATCTATCTATCTATCTATCTATCTATCTATCTATCTA"
D8S1179	18	100	"G,C,T,G,T,A,T,G,G,G,T,G,C,G,G,A,G,C,A,G,G,A,C,G,T,C,A,T,A,C,G,T,A,C,A,A,A,A,A,G,C,C,C,A,A,G;G,T;TCTATCTATCTATCTATCTATCTATCTATCTATCTATCTATCTATCTATCTA"
D10S1248	223	94	"G,C,T,C,T,G,A,G,G,A,C,A,T,C,G,C,A,T,G,C,G,C,C,C,A,G,G,G,A,C,G,A,G,T,C;T,T,G;GGAAGGAAGGAAGGAAGGAAGGAAGGAAGGAAGGAAGGAAGGAAGGAAGGAAGGAA"
D10S1248	216	99	"C,T,T,C,C,G,C,G,G,A,C,G,T,T,G,A,A,C,G,C,G,C,T,T,T,A,A,C,A,T,T,A,T,T,A;TG,T,G;GGAAGGAAGGAAGGAAGGAAGGAAGGAAGGAAGGAAGGAAGGAAGGAAGGAAGGAAGGAA"
TH01	25	141	"C,C,C,T,G,T,C,G,G,G,C,C,G,C,C,C,A,G,A,T,A,A,G,C,C,C,G,C,G,T,T,G,C,G,A,C,G,C,A,G,G,G,A,C,G,C,C,G,G,T,A,A,A,G,T,C,G,C,C,C,A,A,G,G,C,G,A,G,G,T,C,A,C;G,GC,GCCTGTGGGCTGCCTCT,TTGTG,ACT;AATGAATGAATGAATGAATGAATGAATGAATGAATGAATG"
TH01	24	140	"C,C,C,C,G,T,C,A,G,G,A,C,G,G,C,T,A,A,G,C,G,G,A,T,T,C,A,C,G,T,T,A,T,G,A,C,G,C,G,A,G,T,G,C,A,G,C,G,G,T,A,A,G,G,G,C,G,C,T,C,A,A,G,G,C,G,A,G,G,T,C,A,C;G,GC,GCCTGTGGGCTGCCTCT,TTGTG,ACT;AATGAATGAATGAATGAATGAATGATGAATGAATGAATG"
vWA	476	154	"G,G,A,G,A,T,T,C,C,A,C,T,T,T,C,G,T,A,C,G,G,A,C,C,T,A,C,T,C,C,C,T,T,G,A,C,C,T,T,G,A,A,G,T,G,A,A,G,T,C,G,A,C,G,C,C,T,C,C,G,C,G,C,T,G,A,T,T,T,A,C,G,T,A,G,A,G,G;T,G,AAC,CA,T;TAGATAGATAGATAGATAGATAGATAGATAGATAGATAGATAGATAGACAGACAGACAGACAGATAGA"
vWA	411	158	"G,G,A,G,A,T,T,C,C,A,C,T,T,T,C,G,T,A,C,G,G,A,C,C,T,A,C,T,C,C,C,T,T,G,A,C,C,T,T,G,A,A,G,T,G,A,A,G,T,C,G,A,C,G,C,C,T,C,C,G,C,G,C,T,G,A,T,T,T,A,C,G,T,A,G,A,G,G;T,G,AAC,CA,T;TAGATAGATAGATAGATAGATAGATAGATAGATAGATAGATAGATAGATAGACAGACAGACAGACAGATAGA"
D12S391	651	140	"T,C,T,A,C,C,G,C,T,C,T,G,G,G,T,G,T,C,A,A,G,T,T,G,T,T,G,T,C,A,C,G,G,T,T,T,G,G,T,G,T,T,T,T,C,G,G,A,G,C,G,C,G,G,G,T,C,G,G,C,C,T,T,A,A,A,A,A,C,C;G,ACTCC;AGATAGATAGATAGATAGATAGATAGATAGATAGATAGACAGACAGACAGACAGACAGACAGAT"
D12S391	503	164	"C,C,C,C,C,C,A,C,T,T,T,G,G,G,T,G,T,T,G,A,A,T,T,G,T,G,G,T,T,G,C,C,G,T,T,A,T,G,T,G,T,C,T,T,T,G,G,A,C,C,G,C,G,G,G,T,C,G,G,C,C,G,T,G,A,A,C,A,C,A;G,ACTCC;AGATAGATAGATAGATAGATAGATAGATAGATAGATAGATAGATAGATAGATAGACAGACAGACAGACAGACAGACAGACAGACAGAC"
D13S317	3	70	"T,T,C,A,A,C,G,A,A,T,T,C,A,T,C,C,T,T,C,A,A,A,G,T,A,G,T,T,G,A,A,G,T,A,A,A;T,A;TATCTATCTATCTATCTATCTATCTATCTATC"
D13S317	2	79	"T,T,C,A,A,C,G,A,A,T,T,C,A,T,C,C,T,T,T,A,A,A,G,T,A,G,T,T,G,A,A,G,T,A,A,A;TC,A;TATCTATCTATCTATCTATCTATCTATCTATCTATCTATC"
D16S539	340	118	"G,A,C,A,G,G,T,G,G,C,C,C,G,C,C,C,A,G,G,G,G,T,A,C,G,C,T,A,C,G,G,A,C,G,G,T,A,C,A,A,T,C,T,C,C,G,C,T,C,A,T,C,T,G,C,C,A,A,G,A,T,C,G,C,G,G,A,C,G,T,C;T,GA;GATAGATAGATAGATAGATAGATAGATAGATAGATAGATAGATA"
D16S539	278	118	"G,A,T,A,C,G,T,G,G,C,C,C,G,G,C,C,G,G,G,A,A,T,A,C,G,C,C,A,T,G,A,G,C,G,G,T,A,C,A,A,T,C,T,C,C,C,C,C,A,A,T,C,T,G,C,C,A,A,G,G,T,G,T,C,G,G,A,C,T,T,C;T,GA;GATAGATAGATAGATAGATAGATAGATAGATAGATAGATAGATA"
D18S51	18	90	"C,C,G,G,G,C,A,T,A,C,C,C,T,G,A,T,G,A,C,C,T,A,A,G,T,T,C,A,G,G,C,C,T,C,C,A,T,G,C;AT,T;AGAAAGAAAGAAAGAAAGAAAGAAAGAAAGAAAGAAAGAAAGAAAGAA"
D18S51	9	113	"C,T,G,A,C,C,A,T,A,C,C,C,T,G,G,T,G,A,T,C,T,A,A,G,T,C,C,A,G,G,C,C,T,C,C,A,T,G,C;A,TTTAG;AGAAAGAAAGAAAGAAAGAAAGAAAGAAAGAAAGAAAGAAAGAAAGAAAGAAAGAAAGAAAGAAAGAA"
D19S433	4	113	"A,T,G,T,T,A,T,A,C,C,C,A,C,C,T,G,G,C,A,T,G,T,T,T,C,C,T,C,T,C,C,T,G,T;T,CTTTGCTCAT;CCTTCCTTCCTTCCTTCCTTCCTTCCTTCCTTCCTTCCTTCCTTCCTTCCTTCCTACCTTCTTTCCTT"
D19S433	3	109	"A,T,G,T,T,A,T,A,C,C,C,A,C,C,T,G,G,C,A,T,G,T,T,T,C,C,T,C,T,C,C,T,G,T;T,CTTTGCTCAT;CCTTCCTTCCTTCCTTCCTTCCTTCCTTCCTTCCTTCCTTCCTTCCTTCCTACCTTCTTTCCTT"
D21S11	23	160	"T,G,C,C,G,G,T,C,A,T,A,T,C,G,A,C,T,G,G,C,G,G,C,C,C;null;TCTATCTATCTATCTATCTATCTATCTGTCTGTCTGTCTGTCTGTCTATCTATCTATATCTATCTATCTATCATCTATCTATCCATATCTATCTATCTATCTATCTATCTATCTATCTATCTATCTATCTA"
D21S11	19	162	"C,A,C,T,G,G,C,C,A,T,G,T,T,A,G,G,T,G,G,C,G,G,C,C,T;null;TCTATCTATCTATCTATCTATCTGTCTGTCTGTCTGTCTGTCTGTCTATCTATCTATATCTATCTATCTATCATCTATCTATCCATATCTATCTATCTATCTATCTATCTATCTATCTATCTATCTATATCTA"
D22S1045	2	86	"C,G,T,T,A,G,G,C,G,T,G,A,C,G,C,T,T,G,G,C,G,A,C,A,G,A,G,G,C,G,G,G,A,G,A,G,C,A,A;A,C;ATTATTATTATTATTATTATTATTATTATTATTATTACTATTATT"
D22S1045	2	83	"C,G,T,T,A,G,G,C,G,T,G,A,C,G,C,T,T,G,G,C,G,A,C,A,G,A,G,G,C,G,G,G,A,G,A,G;A,C;ATTATTATTATTATTATTATTATTATTATTATTATTACTATTATT"
