D1S1656	"A,G,C,G,C,G,A,A,C,C,T,C,C,C,G,A,T,G,C,C,C,A,T,G,C,A,T,C,C,C,C,T,T,C,C,G,G,C,C,A,C,T,G,A,T,A,C,G,G,T,C,G,T,T,A,G,T,G,A,A,T;G,T;CCTATCTATCTATCTATCTATCTATCTATCTATCTATCTATCTATCTATCTA"
D1S1656	"A,G,C,G,C,G,A,A,C,C,T,C,C,C,G,A,T,G,C,C,C,A,T,G,C,A,T,C,C,C,C,T,T,C,C,G,G,C,C,A,C,T,G,A,T,A,C,G,G,T,C,G,T,T,A,G,T,G,A,A,T;G,T;CCTATCTATCTATCTATCTATCTATCTATCTATCTATCTATCTATCTATCTATCTA"
TPOX	"A,G,G,A,T,C,G,A,A,T,T,T,A,T,T,G,C,G,G,C,C,C,T,C,G,G,C,T,T,A,G,C,T,G,C,T,C,A,G,C,A,T,T,G,G,C,A,A,C,C,T,G,G,A,A,C,G,G,C,C,G,A,T,G,C,C,G,C,G,G,C,C,C,G,G,A,G,A,G,A,T,A,C,C;C,TAGTGGGG,CAGG,G;AATGAATGAATGAATGAATGAATGAATGAATG"
TPOX	"A,G,G,A,T,C,G,A,A,T,T,T,A,T,T,G,C,G,G,C,C,C,T,C,G,G,C,T,T,A,G,C,T,G,C,T,C,A,G,C,A,T,T,G,G,C,A,A,C,C,T,G,G,A,A,C,G,G,C,C,G,A,T,G,C,C,G,C,G,A,C,C,C,G,G,A,G,A,G,A,T,A,C,C;C,TAGTGGGG,CAGG,G;AATGAATGAATGAATGAATGAATGAATGAATG"
D2S441	"G,A,A,A,G,C,T,A,T,T,C,T,A,T,C,G,C,C,T,C,A,G,G,T,G,T,A,G,A,A,C,G,C,G,C,G,G,G,T,C,C,G,C,G,A,A,A,C,C,C,T,G,A,G;TAC,C,C,C,CACATATAT,CATATA;TCTATCTATCTATCTATCTATCTATCTATCTATCTATCTATCTATCTATTTATCTATCTA"
D2S441	"G,A,A,A,G,C,T,A,T,C,C,T,G,T,T,G,C,C,G,C,A,A,G,T,A,T,A,G,A,A,C,G,T,G,C,G,G,G,T,C,C,G,C,G,G,A,A,C,C,C,T,A,A,G;T,CACATATAT,C,C,CACATATAT,CATATAT;TCTATCTATCTATCTATCTATCTATCTATCTATCTATCTATCTA"
D2S1338	"G,C,T,C,C,G,G,G,T,C,T,G,T,G,C,T,G,T,A,C,C,C,A,T,G,G,A,C,G,C,C,G,T,A,C,C,G,C,T,T,T;G,G,CT;GGAAGGAAGGACGGAAGGAAGGAAGGAAGGAAGGAAGGAAGGAAGGAAGGAAGGAAGGAAGGAAGGAAGGAAGGCAGGCAGGCAGGCAGGCAGGCA"
D2S1338	"G,C,T,C,C,G,G,A,T,C,T,A,T,G,C,T,G,T,A,C,C,C,A,T,G,G,A,C,G,C,C,G,T,A,C,C,G,C,T,T,T;G,G,CT;GGAAGGAAGGACGGAAGGAAGGAAGGAAGGAAGGAAGGAAGGAAGGAAGGAAGGAAGGAAGGCAGGCAGGCAGGCAGGCAGGCAGGCA"
D3S1358	"G,G,T,T,A,A,T,G,C,G,C,A,A,T,G,T,G,T,T,T,C,A,T,G,A,T,A,A,T,A,G,C,G,G,A,T,C,G;T,C,T;TCTATCTGTCTGTCTATCTATCTATCTATCTATCTATCTATCTATCTATCTATCTATCTA"
D3S1358	"T,A,T,C,A,C,T,A,G,A,T,A,A,G,G,C,C,C,T,T,C,G,T,G,A,C,G,G,T,A,G,C,A,A,A,T,C,G;TG,CA,TA;TCTATCTGTCTATCTATCTATCTATCTATCTATCTATCTATCTATCTATCTATCTATCTATCTA"
FGA	"T,C,G,A,C,C,T,C,A,T,C,G,C,C,G,T,C,G,C;;GGAAGGAAGGAGAAAGAAAGAAAGAAAGAAAGAAAGAAAGAAAGAAAGAAAGAAAGAAAGAGAAAAAAGAAAGAAAGAAA"
FGA	"T,C,A,A,T,C,T,C,A,T,C,G,C,C,G,T,G,A,T;;GGAAGGAAGGAGAAAGAAAGAAAGAAAGAAAGAAAGAAAGAAAGAAAGAAAGAAAGAAAGAAAGAAAGAAAGAGAAAAAAGAAAGAAAGAAA"
D5S818	"C,A,A,G,A,C,G,G,T,C,A,A,G,C,G,G,T,T,T,A,C,C,C,C,C,G,T,T,C;G,AGT;ATCTATCTATCTATCTATCTATCTATCTATCTATCTATCTATCT"
D5S818	"T,A,A,G,C,T,A,G,A,T,G,C,G,C,G,C,C,A,C,A,C,G,C,C,A,G,T,T,A;GT,AGT;ATCTATCTATCTATCTATCTATCTATCTATCTATCTATCTATCTATCT"
D5S818	"C,A,A,G,A,C,G,G,T,C,A,A,G,C,G,G,T,T,T,A,C,C,C,C,C,G,T,T,C;G,AGT;ATCTATCTATCTATCTATCTATCTATCTATCTATCTATCT"
CSF1PO	"G,C,C,T,A,C,G,G,C,C,C,A,T,T,C,G,T,A,C,T,T,T,G,C,T,G,A,A,C,C,G,C,C,G,G,G,G,C,T,T,C,G,A,A,A;T,T,GT;ATCTATCTATCTATCTATCTATCTATCTATCTATCTATCTATCTATCT"
CSF1PO	"G,C,C,T,A,C,G,G,C,C,C,A,T,T,C,G,T,A,C,T,T,T,G,C,T,G,A,A,C,C,G,C,C,G,G,G,G,C;T,T,GT;ATCTATCTATCTATCTATCTATCTATCTATCTATCTATCTATCTATCT"
D7S820	"T,C,C,G,G,C,C,G,A,C,A,A,T,G,A,G,A,C,C,T,C,A,C,T,G,G,C,A,A,T,T,C,T,C,A,A,G,G,T,A,G,T;GT,GATGTGAACAATTGTGTTCTA;TATCTATCTATCTATCTATCTATCTATCTATCTATCTATCTATC"
D7S820	"T,C,C,G,G,C,C,G,A,C,A,A,T,G,A,G,A,G,C,A,T,A,C,T,G,G,C,A,A,A,A,C,T,C,A,A,G,G,T,G,G,T;GT,GATGTGAACAATTGTGTTCTA;TATCTATCTATCTATCTATCTATCTATCTATCTATCTATCTATCTATC"
D8S1179	"A,C,G,C,T,G,T,A,T,G,G,G,T,G,C,G,G,A,G,C,A,G,G,A,C,A,T,C,A,T,A,T,G,C,G,C,A,A,A,A,G,A,T,C,C,T,G,G;T;TCTATCTATCTGTCTATCTATCTATCTATCTATCTATCTATCTATCTATCTATCTATCTATCTA"
D10S1248	"C,G,C,C,C,C,C,C,C,A,A,A,A,A,T,A,C,C,A,C,A,C,G,T,G,T,T,T,T,A,A,C,A,T,G,A,T,T,A;TG,T,G;GGAAGGAAGGAAGGAAGGAAGGAAGGAAGGAAGGAAGGAAGGAAGGAAGGAAGGAA"
D10S1248	"C,A,C,C,C,T,T,C,C,G,C,G,G,A,C,G,T,T,G,A,A,C,G,C,G,C,T,T,T,A,A,C,A,T,T,A,T,T,A;TG,T,G;GGAAGGAAGGAAGGAAGGAAGGAAGGAAGGAAGGAAGGAAGGAAGGAAGGAAGGAAGGAAGGAA"
TH01	"C,C,C,C,G,T,C,A,G,G,A,C,G,G,C,T,A,A,G,C,G,G,A,T,T,C,G,C,G,T,T,A,T,G,A,C,G,C,G,A,G,T,G,C,A,G,C,G,G,T,A,A,G,G,G,C,G,C,T,C,A,A,G,G,C,G,A,A,G,T,C,A,C;G,GC,GCCTGTGGGCTGCCTCT,TTGTG,ACT;AATGAATGAATGAATGAATGAATGATGAATGAATGAATG"
TH01	"C,C,T,T,G,T,C,G,G,G,C,C,G,C,C,C,A,G,A,T,A,A,G,C,C,C,G,C,G,T,T,G,C,G,A,C,G,C,A,G,G,G,A,C,G,C,C,G,G,T,A,A,A,G,T,C,G,C,C,C,A,A,G,G,C,G,A,G,G,T,C,A,C;G,GC,GCCTGTGGGCTGCCTCT,TTGTG,ACT;AATGAATGAATGAATGAATGAATGAATGAATGAATG"
vWA	"G,G,A,G,A,T,T,C,C,A,C,T,T,C,C,A,T,A,C,A,G,A,C,C,T,A,C,T,C,C,C,T,T,G,A,C,C,T,T,G,A,A,G,T,G,A,A,G,T,C,G,A,C,G,C,C,A,C,C,C,T,G,C,C,G,G,C,T,C,A,G,A,T,G,G,G,T,G;T,G,AAC,CA,T;TAGATAGATAGATAGATAGATAGATAGATAGATAGATAGATAGACAGACAGACAGACAGATAGA"
vWA	"G,G,A,G,A,T,T,C,C,A,C,T,T,C,C,A,T,A,C,A,G,A,C,C,T,A,C,T,C,C,C,T,T,G,A,C,C,T,T,G,A,A,G,T,G,A,A,G,T,C,G,A,C,G,C,T,A,C,C,C,T,G,C,C,G,G,C,T,C,A,G,A,T,G,G,G,T,G;T,G,AAC,C,T;TAGATAGATAGATAGATAGATAGATAGATAGATAGATAGATAGATAGATAGACAGACAGACAGACAGATAGA"
D12S391	"C,C,C,C,C,C,A,C,T,T,T,G,G,G,T,G,T,T,G,A,A,T,T,G,T,G,G,T,T,G,C,C,G,T,T,A,G,G,T,G,T,C,T,T,T,G,G,A,C,C,G,C,G,G,G,T,C,G,G,C,C,G,T,G,A,A,C,A,C,A;G,ACTCC;AGATAGATAGATAGATAGATAGATAGATAGATAGATAGATAGATAGATAGATAGACAGACAGACAGACAGACAGACAGACAGACAGAC"
D12S391	"C,C,T,A,C,C,A,A,T,C,T,G,T,C,T,G,G,T,A,A,G,T,G,G,C,A,G,A,C,A,C,C,G,T,T,A,T,G,T,G,T,T,T,T,C,G,G,A,C,C,G,C,G,T,G,T,C,G,G,C,T,G,T,A,A,C,A,A,C,A;G,ACTCC;AGATAGATAGATAGATAGATAGATAGATAGATAGATAGATAGATAGATAGATAGACAGACAGACAGACAGACAGACAGACAGACAGAT"
D13S317	"T,C,A,A,A,C,G,A,G,T,A,G,C,T,C,C,C,G,C,A,A,G,A,T,G,A,T,T,G,T,C,G,T,A,A,A;TC,A;TATCTATCTATCTATCTATCTATCTATCTATCTATCTATCTATCTATCTATC"
D13S317	"T,T,C,A,A,C,G,A,A,T,T,C,A,T,C,C,T,T,C,A,A,A,G,T,A,G,T,T,G,A,A,G,T,A,A,A;TC,A;TATCTATCTATCTATCTATCTATCTATCTATCTATCTATCTATC"
D16S539	"A,T,C,C,C,C,C,A,G,C,C,C,G,C,C,C,G,G,G,A,G,T,T,C,G,C,C,A,C,G,A,G,C,G,A,C,A,C,A,A,T,T,T,C,C,C,C,T,A,A,C,C,C,G,C,C,A,A,A,A,G,G,T,C,G,G,A,C,G,T,C;T,GA;GATAGATAGATAGATAGATAGATAGATAGATAGATAGATAGATA"
D16S539	"A,T,C,C,C,C,C,A,G,C,C,C,G,C,C,C,G,G,G,A,G,T,T,C,G,C,C,A,C,G,A,G,C,G,A,C,A,C,A,A,T,T,T,C,C,C,C,T,A,A,C,C,C,G,C,C,A,A,A,A,T,G,T,C,G,G,A,C,G,T,C;T,GA;GATAGATAGATAGATAGATAGATAGATAGATAGATAGATAGATA"
D18S51	"C,T,G,A,C,C,A,T,A,C,C,C,T,G,A,T,G,A,C,C,T,A,A,G,T,T,C,A,G,G,C,C,T,C,C,A,T,G,C;A,T;AGAAAGAAAGAAAGAAAGAAAGAAAGAAAGAAAGAAAGAAAGAAAGAAAGAA"
D18S51	"C,T,G,A,C,C,A,T,A,C,C,C,T,G,A,T,G,A,T,C,T,A,A,G,T,T,C,A,G,G,C,C,T,C,C,A,T,G,C;A,TTTAG;AGAAAGAAAGAAAGAAAGAAAGAAAGAAAGAAAGAAAGAAAGAAAGAAAGAAAGAAAGAAAGAA"
D19S433	"T,T,T,C,C,A,C,G,T,T,T,A,C,G,T,G,G,C,A,T,A,G,C,C,T,C,C,C,A,T,C,C,G,T;TGTA,CTTTGCTCAT;CCTTCCTTCCTTCCTTCCTTCCTTCCTTCCTTCCTTCCTTCCTTCCTTCCTTCCTTCCTTCCTACCTTTTCCTT"
D19S433	"A,T,G,T,T,A,T,A,C,C,C,A,C,C,T,G,G,C,A,T,G,T,T,T,C,C,T,C,T,C,C,T,G,T;T,CTTTGCTCAT;CCTTCCTTCCTTCCTTCCTTCCTTCCTTCCTTCCTTCCTTCCTTCCTTCCTACCTTCTTTCCTT"
D21S11	"C,A,C,T,G,G,C,C,A,T,G,T,T,A,G,G,T,G,G,C,G,G,C,C,T;;TCTATCTATCTATCTATCTATCTGTCTGTCTGTCTGTCTGTCTGTCTATCTATCTATATCTATCTATCTATCATCTATCTATCCATATCTATCTATCTATCTATCTATCTATCTATCTATCTATCTATCTATATCTA"
D21S11	"T,A,C,C,G,G,T,A,A,T,G,T,T,A,G,C,T,G,G,C,G,G,T,C,T;;TCTATCTATCTATCTATCTGTCTGTCTGTCTGTCTGTCTGTCTATCTATCTATATCTATCTATCTATCATCTATCTATCCATATCTATCTATCTATCTATCTATCTATCTATCTATCTATCTATCTATCTA"
D22S1045	"G,G,T,C,A,G,G,C,G,T,G,A,T,A,G,C,C,G,G,C,G,G,C,G,C,T,G,A,C,A,G,A,A,G,A,G,C,A,G;ATGATGGT,CT;ATTATTATTATTATTATTATTATTATTATTATTATTATTACTATTATT"
D22S1045	"G,G,T,C,A,G,G,C,G,T,G,A,T,A,G,C,C,G,G,C,G,G,C,G,C,T,G,A,C,A,G,A,A,G,A,G,C,A,A;ATGATGGT,CT;ATTATTATTATTATTATTATTATTATTATTATTATTATTACTATTATT"
