D1S1656	297	119	A,G,C,G,C,G,A,A,C,C,T,C,C,C,G,A,T,G,C,C,C,A,T,G,C,A,T,C,C,C,C,T,T,C,C,G,G,C,C,A,C,T,G,A,T,A,C,G,G,T,C,G,T,T,A,G,T,G,A,A,T;G,T;CCTATCTATCTATCTATCTATCTATCTATCTATCTATCTATCTATCTATCTATCTA
D1S1656	271	127	A,G,C,G,C,G,A,A,C,C,T,C,C,C,G,A,T,G,T,C,C,A,T,G,C,A,T,C,T,T,T,T,T,C,C,A,G,C,C,A,C,T,G,A,T,A,C,G,A,C,T,G,C,T,A,G,C,G,A,G,T;G,T;CCTATCTATCTATCTATCTATCTATCTATCTATCTATCTATCTATCTATCTATCTATCTATCTA
D2S441	3062	135	G,A,A,A,G,C,T,A,T,T,C,T,A,T,C,G,C,C,T,C,A,G,G,T,G,T,A,G,A,A,C,G,C,G,C,G,G,G,T,C,C,G,C,G,A,A,A,C,C,C,T,G,A,G;TAC,C,C,C,CACATATAT,CATATA;TCTATCTATCTATCTATCTATCTATCTATCTATCTATCTATCTATCTATTTATCTATCTA
D3S1358	10	101	G,G,T,T,A,A,T,G,C,G,C,A,A,T,G,T,G,T,T,T,C,A,T,G,A,T,A,A,T,A,G,C,G,G,A,T,C,G;T,C,T;TCTATCTGTCTGTCTATCTATCTATCTATCTATCTATCTATCTATCTATCTATCTATCTA
D3S1358	5	108	T,A,T,C,A,C,T,A,G,A,T,A,A,G,G,C,C,C,T,T,C,G,T,G,A,C,G,G,T,A,G,C,A,A,A,T,C,G;TG,CA,TA;TCTATCTGTCTATCTATCTATCTATCTATCTATCTATCTATCTATCTATCTATCTATCTATCTA
FGA	10	103	T,C,G,A,C,C,T,C,A,T,C,G,C,C,G,T,C,G,C;null;GGAAGGAAGGAGAAAGAAAGAAAGAAAGAAAGAAAGAAAGAAAGAAAGAAAGAAAGAAAGAGAAAAAAGAAAGAAAGAAA
FGA	8	111	T,C,G,A,C,C,T,C,A,T,C,G,C,C,G,T,G,G,T;null;GGAAGGAAGGAGAAAGAAAGAAAGAAAGAAAGAAAGAAAGAAAGAAAGAAAGAAAGAAAGAAAGAAAGAGAAAAAAGAAAGAAAGAAA
D5S818	15	77	C,A,A,G,A,C,G,G,T,C,A,A,G,C,G,G,T,T,T,A,C,C,C,C,C,G,T,T,C;G,AGT;ATCTATCTATCTATCTATCTATCTATCTATCTATCTATCTATCT
D5S818	4	86	C,A,A,A,C,C,G,G,T,C,A,C,G,C,G,C,T,A,T,G,C,C,C,C,C,A,T,T,C;GT,AGT;ATCTATCTATCTATCTATCTATCTATCTATCTATCTATCTATCTATCTATCT
D7S820	16	113	T,C,C,G,G,C,C,G,A,C,A,A,T,G,A,G,A,G,C,A,T,A,C,T,G,G,C,A,A,A,A,C,T,C,A,A,G,G,T,G,G,T;GT,GATGTGAACAATTGTGTTCTA;TATCTATCTATCTATCTATCTATCTATCTATCTATCTATCTATCTATC
D7S820	14	105	T,C,C,A,G,T,C,G,A,A,T,A,A,G,A,G,A,G,C,T,T,T,C,G,G,G,T,G,A,T,T,C,G,T,C,A,G,A,T,A,A,C;GT,GATGTGAACAATTGTGTTCTA;TATCTATCTATCTATCTATCTATCTATCTATCTATCTATC
D8S1179	143	106	A,T,G,C,C,A,T,A,T,G,G,G,T,G,C,G,G,A,G,C,G,A,C,A,T,G,T,C,A,T,C,C,G,T,A,C,G,A,A,A,A,A,C,C,T,A,G,A;TA;TCTATCTGTCTATCTATCTATCTATCTATCTATCTATCTATCTATCTATCTATCTA
D8S1179	53	101	A,C,G,C,T,A,T,A,T,T,G,G,C,G,C,G,G,A,G,C,G,G,G,A,C,G,T,C,A,T,A,C,A,T,A,C,A,A,A,A,A,G,C,C,C,A,A,G;T;TCTATCTATCTATCTATCTATCTATCTATCTATCTATCTATCTATCTATCTA
D10S1248	3253	107	C,A,C,C,C,T,T,C,C,G,C,G,G,A,C,G,T,T,G,A,A,C,G,C,G,C,T,T,T,A,A,C,A,T,T,A,T,T,A;TG,T,G;GGAAGGAAGGAAGGAAGGAAGGAAGGAAGGAAGGAAGGAAGGAAGGAAGGAAGGAAGGAAGGAA
D10S1248	1542	95	C,A,C,C,C,C,T,C,C,G,A,G,G,A,C,G,T,C,G,C,A,C,G,C,G,C,T,T,T,A,G,G,T,T,G,G,T,T,A;TG,T,G;GGAAGGAAGGAAGGAAGGAAGGAAGGAAGGAAGGAAGGAAGGAAGGAAGGAA
TH01	753	137	C,C,T,T,G,T,C,G,G,G,C,C,G,C,C,C,A,G,A,T,A,A,G,C,C,C,G,C,G,T,T,G,C,G,A,C,G,C,A,G,G,G,A,C,G,C,C,G,G,T,A,A,A,G,T,C,G,C,C,C,A,A,G,G,C,G,A,G,G,T,C,A,C;G,GC,GCCTGTGGGCTGCCTCT,TTGTG,ACT;AATGAATGAATGAATGAATGAATGAATGAATGAATG
vWA	1085	150	G,G,A,G,A,T,T,C,C,A,C,T,T,C,C,A,T,A,C,A,G,A,C,C,T,A,C,T,C,C,C,T,T,G,A,C,C,T,T,G,A,A,G,T,G,A,A,G,T,C,G,A,C,G,C,C,A,C,C,C,T,G,C,C,G,G,C,T,C,A,G,A,T,G,G,G,T,G;T,G,AAC,CA,T;TAGATAGATAGATAGATAGATAGATAGATAGATAGATAGATAGACAGACAGACAGACAGATAGA
vWA	885	144	G,G,T,G,A,T,T,T,C,A,C,T,T,T,C,A,T,A,T,G,G,A,C,C,C,A,C,T,C,C,C,T,T,G,A,C,C,T,T,G,A,A,G,T,G,A,A,G,T,C,G,A,C,G,C,C,A,C,C,C,T,G,C,C,G,G,C,T,C,A,G,A,T,G,G,G,T,G;T,G,A,CA,T;TAGATAGATAGATAGATAGATAGATAGATAGATAGATAGATAGACAGACAGACAGATAGA
D12S391	1962	144	T,C,T,A,C,C,A,C,T,C,T,G,G,G,T,G,T,C,A,A,G,T,T,G,T,A,A,T,T,G,C,G,G,T,T,T,T,G,T,G,T,C,T,T,T,G,G,A,C,C,G,C,G,G,G,T,C,G,G,C,C,G,T,G,A,A,C,A,C,A;G,ACTCC;AGATAGATAGATAGATAGATAGATAGATAGATAGATAGATAGACAGACAGACAGACAGACAGACAGAT
D12S391	1416	164	C,C,T,A,C,C,A,A,T,C,T,G,T,C,T,G,G,T,A,A,G,T,G,G,C,A,G,A,C,A,C,C,G,T,T,A,T,G,T,G,T,T,T,T,C,G,G,A,C,C,G,C,G,T,G,T,C,G,G,C,T,G,T,A,A,C,A,A,C,A;G,ACTCC;AGATAGATAGATAGATAGATAGATAGATAGATAGATAGATAGATAGATAGATAGACAGACAGACAGACAGACAGACAGACAGACAGAT
D13S317	21	88	T,T,C,A,G,C,G,A,A,T,T,C,A,T,A,C,T,T,C,A,A,A,G,T,A,G,T,T,G,A,A,G,T,A,A,A;TC,AG;TATCTATCTATCTATCTATCTATCTATCTATCTATCTATCTATCTATC
D13S317	15	83	T,T,C,A,A,C,G,A,A,T,T,C,A,T,C,C,T,T,C,A,A,A,G,T,A,G,T,T,G,A,A,G,T,A,A,A;TC,A;TATCTATCTATCTATCTATCTATCTATCTATCTATCTATCTATC
D16S539	2708	107	G,A,T,A,G,G,T,G,G,C,C,C,G,C,C,C,G,G,A,A,G,T,T,C,C,C,C,G,C,G,G,A,C,G,G,T,A,C,A,A,T,C,T,G,C,C,C,T,A,A,T,C,T,G,C,C,A,A,A,A,T,G,T,C,G,G,A,C,G,T,C;TA,GA;GATAGATAGATAGATAGATAGATAGATAGATA
D16S539	862	118	A,T,C,C,C,C,C,A,G,C,C,C,G,C,C,C,G,G,G,A,G,T,T,C,G,C,C,A,C,G,A,G,C,G,A,C,A,C,A,A,T,T,T,C,C,C,C,T,A,A,C,C,C,G,C,C,A,A,A,A,G,G,T,C,G,G,A,C,G,T,C;T,GA;GATAGATAGATAGATAGATAGATAGATAGATAGATAGATAGATA
D18S51	13	109	C,T,G,A,C,C,A,T,A,C,C,C,T,G,A,T,G,A,T,C,T,A,A,G,T,T,C,A,G,G,C,C,T,C,C,A,T,G,C;A,TTTAG;AGAAAGAAAGAAAGAAAGAAAGAAAGAAAGAAAGAAAGAAAGAAAGAAAGAAAGAAAGAAAGAA
D18S51	12	94	C,C,G,G,G,C,A,C,A,C,C,C,T,G,A,T,G,A,C,C,T,A,A,G,T,T,C,A,G,G,C,C,T,C,C,A,T,G,C;AT,T;AGAAAGAAAGAAAGAAAGAAAGAAAGAAAGAAAGAAAGAAAGAAAGAAAGAA
D19S433	10	122	T,T,T,C,C,A,C,G,T,T,T,A,C,G,T,G,G,C,A,T,A,G,C,C,T,C,C,C,A,T,C,C,G,T;TGTA,CTTTGCTCAT;CCTTCCTTCCTTCCTTCCTTCCTTCCTTCCTTCCTTCCTTCCTTCCTTCCTTCCTTCCTTCCTACCTTTTCCTT
D19S433	6	114	T,T,T,C,C,A,C,G,T,T,T,A,C,G,T,G,G,C,A,T,A,G,C,C,T,C,C,C,A,T,C,C,G,T;TGTA,CTTTGCTCAT;CCTTCCTTCCTTCCTTCCTTCCTTCCTTCCTTCCTTCCTTCCTTCCTTCCTTCCTACCTTTTCCTT
D21S11	486	170	C,A,C,T,G,G,C,C,A,T,G,T,T,A,G,G,T,G,G,C,G,G,C,C,T;null;TCTATCTATCTATCTATCTATCTGTCTGTCTGTCTGTCTGTCTGTCTATCTATCTATATCTATCTATCTATCATCTATCTATCCATATCTATCTATCTATCTATCTATCTATCTATCTATCTATCTATCTATCTATATCTA
D21S11	468	166	C,A,C,T,G,G,C,C,A,T,G,T,T,A,G,G,T,G,G,C,G,G,C,C,T;null;TCTATCTATCTATCTATCTATCTGTCTGTCTGTCTGTCTGTCTGTCTATCTATCTATATCTATCTATCTATCATCTATCTATCCATATCTATCTATCTATCTATCTATCTATCTATCTATCTATCTATCTATATCTA
D22S1045	9	81	G,G,T,C,A,G,G,C,G,C,G,A,C,G,C,T,C,G,G,C,G,A,C,A,G,A,G,G,C,G,G,G,A,G,A,G,C,A,G;ATGATGGT,C;ATTATTATTATTATTATTATTATTACTATTATT
